timestamp,altitude,cadence,distance,enhanced_altitude,enhanced_speed,heart_rate,left_pedal_smoothness,left_right_balance,left_torque_effectiveness,position_lat,position_long,power,right_pedal_smoothness,right_torque_effectiveness,speed,temperature,speed_kmh
2025-07-12 10:25:46,,,0.0,,5.663,131,,,,380955502,1417985628,,,,5.663,26,20.3868
2025-07-12 10:25:47,,,5.98,,6.133,131,,,,380955647,1417986365,,,,6.133,26,22.0788
2025-07-12 10:25:48,,,11.97,,6.209,132,,,,380955826,1417987094,,,,6.209,26,22.3524
2025-07-12 10:25:50,,,24.05,,6.302,132,,,,380956236,1417988546,,,,6.302,26,22.6872
2025-07-12 10:25:54,,,46.99,,5.99,134,,,,380956683,1417991396,,,,5.99,26,21.564
2025-07-12 10:25:58,,,70.33,,5.653,134,,,,380957171,1417994289,,,,5.653,26,20.3508
2025-07-12 10:26:00,,,81.24,,5.409,152,,,,380957573,1417995587,,,,5.409,26,19.4724
2025-07-12 10:26:08,,,116.78,,4.12,142,,,,380958834,1417999836,,,,4.12,26,14.832
2025-07-12 10:26:16,,,139.99,,1.67,137,,,,380959862,1418002501,,,,1.67,26,6.012
2025-07-12 10:26:23,,,143.55,,0.0,133,,,,380959326,1418002834,,,,0.0,26,0.0
2025-07-12 10:26:41,,,147.9,,4.071,124,,,,380960004,1418004543,,,,4.071,26,14.6556
2025-07-12 10:26:48,,,194.01,,6.629,142,,,,380962142,1418009806,,,,6.629,26,23.8644
2025-07-12 10:26:49,,,201.29,,7.003,142,,,,380962412,1418010671,,,,7.003,26,25.210800000000003
2025-07-12 10:26:50,,,208.88,,7.275,141,,,,380962684,1418011578,,,,7.275,26,26.19
2025-07-12 10:26:51,,,216.74,,7.39,141,,,,380962968,1418012515,,,,7.39,26,26.604
2025-07-12 10:26:52,,,224.67,,7.441,143,,,,380963259,1418013459,,,,7.441,26,26.7876
2025-07-12 10:26:53,,,232.56,,7.388,143,,,,380963544,1418014400,,,,7.388,27,26.5968
2025-07-12 10:27:01,,,289.56,,6.987,141,,,,380965471,1418021250,,,,6.987,27,25.153200000000002
2025-07-12 10:27:06,,,326.67,,7.575,142,,,,380966857,1418025653,,,,7.575,27,27.27
2025-07-12 10:27:07,,,334.69,,7.757,142,,,,380967153,1418026608,,,,7.757,27,27.9252
2025-07-12 10:27:08,,,342.94,,7.819,142,,,,380967447,1418027593,,,,7.819,27,28.1484
2025-07-12 10:27:09,,,350.92,,7.867,142,,,,380967735,1418028545,,,,7.867,27,28.3212
2025-07-12 10:27:12,-7.0,,373.84,-7.0,7.432,145,,,,380968710,1418031210,,,,7.432,27,26.755200000000002
2025-07-12 10:27:20,-7.600000000000023,,428.45,-7.600000000000023,5.191,146,,,,380971257,1418037437,,,,5.191,27,18.6876
2025-07-12 10:27:24,-8.0,,438.24,-8.0,1.259,144,,,,380971930,1418038308,,,,1.259,27,4.5324
2025-07-12 10:27:28,-8.199999999999989,,438.24,-8.199999999999989,0.0,141,,,,380971935,1418037893,,,,0.0,27,0.0
2025-07-12 10:27:41,-8.0,,468.24,-8.0,4.651,138,,,,380973480,1418042159,,,,4.651,27,16.7436
2025-07-12 10:27:49,-7.600000000000023,,524.25,-7.600000000000023,7.584,139,,,,380975775,1418048715,,,,7.584,27,27.3024
2025-07-12 10:27:52,-7.399999999999977,,548.48,-7.399999999999977,7.902,139,,,,380976707,1418051579,,,,7.902,27,28.447200000000002
2025-07-12 10:27:56,-7.0,,580.37,-7.0,7.859,140,,,,380978060,1418055286,,,,7.859,27,28.2924
2025-07-12 10:28:00,-6.800000000000011,,612.52,-6.800000000000011,7.853,153,,,,380979192,1418059134,,,,7.853,27,28.2708
2025-07-12 10:28:02,-6.600000000000023,,628.87,-6.600000000000023,7.984,153,,,,380979783,1418061083,,,,7.984,27,28.7424
2025-07-12 10:28:03,-6.600000000000023,,637.16,-6.600000000000023,8.109,153,,,,380980081,1418062072,,,,8.109,27,29.1924
2025-07-12 10:28:08,-6.199999999999989,,678.24,-6.199999999999989,7.967,154,,,,380981565,1418066967,,,,7.967,27,28.6812
2025-07-12 10:28:10,-6.199999999999989,,694.5,-6.199999999999989,7.872,156,,,,380981928,1418068981,,,,7.872,27,28.3392
2025-07-12 10:28:13,-6.0,,718.41,-6.0,7.548,155,,,,380982602,1418071897,,,,7.548,27,27.172800000000002
2025-07-12 10:28:15,-6.0,,732.73,-6.0,7.029,153,,,,380983127,1418073600,,,,7.029,27,25.3044
2025-07-12 10:28:16,-6.0,,738.16,-6.0,6.099,153,,,,380983105,1418074288,,,,6.099,27,21.956400000000002
2025-07-12 10:28:17,-6.0,,743.55,-6.0,5.861,154,,,,380982802,1418074870,,,,5.861,27,21.0996
2025-07-12 10:28:19,-6.0,,757.13,-6.0,6.687,154,,,,380981495,1418075596,,,,6.687,27,24.0732
2025-07-12 10:28:23,-5.600000000000023,,791.62,-5.600000000000023,8.463,158,,,,380977820,1418076163,,,,8.463,27,30.4668
2025-07-12 10:28:24,-5.600000000000023,,801.22,-5.600000000000023,9.143,158,,,,380976804,1418076375,,,,9.143,27,32.91480000000001
2025-07-12 10:28:25,-5.399999999999977,,810.93,-5.399999999999977,9.513,158,,,,380975804,1418076730,,,,9.513,27,34.2468
2025-07-12 10:28:26,-5.399999999999977,,820.95,-5.399999999999977,9.752,160,,,,380974758,1418077032,,,,9.752,27,35.107200000000006
2025-07-12 10:28:27,-5.199999999999989,,831.3,-5.199999999999989,10.026,160,,,,380973665,1418077275,,,,10.026,27,36.0936
2025-07-12 10:28:28,-5.199999999999989,,841.97,-5.199999999999989,10.333,160,,,,380972537,1418077521,,,,10.333,27,37.1988
2025-07-12 10:28:29,-5.199999999999989,,853.1,-5.199999999999989,10.678,162,,,,380971356,1418077747,,,,10.678,27,38.4408
2025-07-12 10:28:30,-5.0,,864.19,-5.0,10.706,162,,,,380970179,1418077969,,,,10.706,27,38.5416
2025-07-12 10:28:31,-5.0,,875.25,-5.0,10.892,162,,,,380969001,1418078165,,,,10.892,27,39.2112
2025-07-12 10:28:32,-4.800000000000011,,886.52,-4.800000000000011,11.006,162,,,,380967807,1418078402,,,,11.006,27,39.6216
2025-07-12 10:28:33,-4.800000000000011,,897.81,-4.800000000000011,11.061,162,,,,380966618,1418078688,,,,11.061,27,39.8196
2025-07-12 10:28:35,-4.800000000000011,,920.94,-4.800000000000011,11.082,165,,,,380964166,1418079177,,,,11.082,27,39.8952
2025-07-12 10:28:39,-4.800000000000011,,967.01,-4.800000000000011,11.218,167,,,,380959276,1418080092,,,,11.218,27,40.3848
2025-07-12 10:28:40,-4.800000000000011,,979.69,-4.800000000000011,11.361,167,,,,380957927,1418080327,,,,11.361,27,40.89960000000001
2025-07-12 10:28:42,-4.800000000000011,,1003.38,-4.800000000000011,11.423,171,,,,380955406,1418080750,,,,11.423,27,41.1228
2025-07-12 10:28:45,-4.800000000000011,,1037.15,-4.800000000000011,10.897,174,,,,380951819,1418081404,,,,10.897,27,39.2292
2025-07-12 10:28:50,-5.0,,1088.5,-5.0,10.415,175,,,,380946350,1418082274,,,,10.415,27,37.494
2025-07-12 10:28:52,-5.0,,1108.85,-5.0,10.093,176,,,,380944181,1418082610,,,,10.093,27,36.3348
2025-07-12 10:29:00,-4.800000000000011,,1188.72,-4.800000000000011,10.49,175,,,,380935654,1418083764,,,,10.49,27,37.764
2025-07-12 10:29:08,-5.0,,1271.78,-5.0,10.349,173,,,,380926785,1418084943,,,,10.349,27,37.2564
2025-07-12 10:29:16,-5.0,,1353.64,-5.0,9.948,174,,,,380918022,1418085851,,,,9.948,27,35.8128
2025-07-12 10:29:24,-5.0,,1433.47,-5.0,9.49,177,,,,380909498,1418086992,,,,9.49,27,34.164
2025-07-12 10:29:32,-5.800000000000011,,1488.71,-5.800000000000011,6.46,173,,,,380903592,1418087677,,,,6.46,27,23.256
2025-07-12 10:29:40,-6.0,,1528.5,-6.0,3.06,169,,,,380899351,1418088327,,,,3.06,27,11.016
2025-07-12 10:29:45,-5.800000000000011,,1540.08,-5.800000000000011,3.427,168,,,,380898147,1418088148,,,,3.427,27,12.337200000000001
2025-07-12 10:29:48,-5.600000000000023,,1556.3,-5.600000000000023,5.281,166,,,,380896421,1418088111,,,,5.281,27,19.011599999999998
2025-07-12 10:29:51,-5.399999999999977,,1576.62,-5.399999999999977,6.168,167,,,,380894252,1418087948,,,,6.168,27,22.204800000000002
2025-07-12 10:29:55,-5.399999999999977,,1601.93,-5.399999999999977,6.701,164,,,,380891546,1418088138,,,,6.701,27,24.1236
2025-07-12 10:29:59,-5.399999999999977,,1629.48,-5.399999999999977,6.331,170,,,,380888817,1418086811,,,,6.331,27,22.791600000000003
2025-07-12 10:30:04,-5.800000000000011,,1650.55,-5.800000000000011,1.17,169,,,,380886829,1418085576,,,,1.17,27,4.212
2025-07-12 10:30:08,-6.0,,1650.55,-6.0,0.0,170,,,,380886916,1418085740,,,,0.0,27,0.0
2025-07-12 10:31:41,-6.0,,1656.75,-6.0,3.422,126,,,,380885783,1418086716,,,,3.422,27,12.3192
2025-07-12 10:31:45,-5.399999999999977,,1675.37,-5.399999999999977,5.743,134,,,,380885043,1418088863,,,,5.743,27,20.6748
2025-07-12 10:31:46,-5.399999999999977,,1684.65,-5.399999999999977,6.359,134,,,,380884572,1418089899,,,,6.359,27,22.892400000000002
2025-07-12 10:31:48,-5.199999999999989,,1693.14,-5.199999999999989,6.868,136,,,,380883929,1418090662,,,,6.868,27,24.724800000000002
2025-07-12 10:31:49,-5.199999999999989,,1700.97,-5.199999999999989,7.261,138,,,,380883164,1418091077,,,,7.261,27,26.1396
2025-07-12 10:31:55,-4.800000000000011,,1757.44,-4.800000000000011,9.607,152,,,,380877104,1418091083,,,,9.607,27,34.5852
2025-07-12 10:32:03,-4.800000000000011,,1838.24,-4.800000000000011,9.743,161,,,,380868512,1418092551,,,,9.743,27,35.0748
2025-07-12 10:32:11,-4.800000000000011,,1914.9,-4.800000000000011,9.593,161,,,,380860325,1418093654,,,,9.593,27,34.534800000000004
2025-07-12 10:32:19,-4.800000000000011,,1992.82,-4.800000000000011,9.878,156,,,,380852024,1418094952,,,,9.878,27,35.5608
2025-07-12 10:32:27,-4.600000000000023,,2074.11,-4.600000000000023,9.851,162,,,,380843369,1418096349,,,,9.851,27,35.46360000000001
2025-07-12 10:32:35,-4.399999999999977,,2155.82,-4.399999999999977,10.21,168,,,,380834663,1418097682,,,,10.21,27,36.75600000000001
2025-07-12 10:32:43,-4.600000000000023,,2240.41,-4.600000000000023,10.726,174,,,,380825648,1418099070,,,,10.726,27,38.613600000000005
2025-07-12 10:32:50,-5.0,,2317.5,-5.0,10.75,177,,,,380817392,1418099845,,,,10.75,27,38.7
2025-07-12 10:32:54,-5.199999999999989,,2359.34,-5.199999999999989,10.311,178,,,,380812934,1418100539,,,,10.311,27,37.1196
2025-07-12 10:32:55,-5.199999999999989,,2369.58,-5.199999999999989,10.22,179,,,,380811842,1418100703,,,,10.22,27,36.792
2025-07-12 10:32:57,-5.399999999999977,,2389.68,-5.399999999999977,9.816,181,,,,380809700,1418101025,,,,9.816,27,35.3376
2025-07-12 10:33:05,-6.0,,2462.16,-6.0,8.355,178,,,,380801976,1418102217,,,,8.355,27,30.078000000000003
2025-07-12 10:33:09,-6.0,,2495.92,-6.0,9.171,176,,,,380798371,1418102681,,,,9.171,27,33.0156
2025-07-12 10:33:16,-5.399999999999977,,2563.93,-5.399999999999977,9.639,177,,,,380791311,1418104894,,,,9.639,27,34.7004
2025-07-12 10:33:24,-4.600000000000023,,2640.46,-4.600000000000023,9.471,173,,,,380783280,1418106990,,,,9.471,27,34.095600000000005
2025-07-12 10:33:32,-3.8000000000000114,,2715.89,-3.8000000000000114,9.357,176,,,,380775367,1418109069,,,,9.357,27,33.6852
2025-07-12 10:33:40,-3.1999999999999886,,2792.84,-3.1999999999999886,9.889,180,,,,380767335,1418111388,,,,9.889,27,35.6004
2025-07-12 10:33:48,-2.8000000000000114,,2873.31,-2.8000000000000114,10.229,181,,,,380758880,1418113516,,,,10.229,27,36.8244
2025-07-12 10:33:56,-2.3999999999999773,,2949.52,-2.3999999999999773,8.488,180,,,,380750927,1418115819,,,,8.488,27,30.5568
2025-07-12 10:34:00,-2.3999999999999773,,2980.85,-2.3999999999999773,7.911,180,,,,380747637,1418116668,,,,7.911,27,28.479599999999998
2025-07-12 10:34:01,-2.3999999999999773,,2988.26,-2.3999999999999773,8.356,180,,,,380746950,1418117143,,,,8.356,27,30.0816
2025-07-12 10:34:02,-2.1999999999999886,,2994.87,-2.1999999999999886,7.46,180,,,,380746578,1418117856,,,,7.46,27,26.856
2025-07-12 10:34:04,-2.1999999999999886,,3009.44,-2.1999999999999886,7.564,180,,,,380746780,1418119675,,,,7.564,27,27.2304
2025-07-12 10:34:06,-2.1999999999999886,,3028.16,-2.1999999999999886,8.423,182,,,,380747894,1418121636,,,,8.423,27,30.3228
2025-07-12 10:34:13,-2.3999999999999773,,3102.8,-2.3999999999999773,10.053,180,,,,380753897,1418127897,,,,10.053,27,36.1908
2025-07-12 10:34:17,-2.6000000000000227,,3143.34,-2.6000000000000227,10.269,177,,,,380756633,1418131886,,,,10.269,27,36.9684
2025-07-12 10:34:21,-3.0,,3184.05,-3.0,10.319,175,,,,380759129,1418136111,,,,10.319,27,37.1484
2025-07-12 10:34:29,-3.0,,3261.74,-3.0,9.442,178,,,,380764389,1418143748,,,,9.442,27,33.9912
2025-07-12 10:34:37,-2.0,,3331.08,-2.0,8.568,183,,,,380768807,1418150819,,,,8.568,27,30.8448
2025-07-12 10:34:38,-2.0,,3339.58,-2.0,8.709,184,,,,380769380,1418151658,,,,8.709,27,31.3524
2025-07-12 10:34:45,-2.8000000000000114,,3405.56,-2.8000000000000114,9.307,185,,,,380773979,1418158014,,,,9.307,27,33.5052
2025-07-12 10:34:46,-2.8000000000000114,,3414.98,-2.8000000000000114,9.475,186,,,,380774555,1418158995,,,,9.475,27,34.11
2025-07-12 10:34:50,-2.6000000000000227,,3452.76,-2.6000000000000227,9.341,187,,,,380777281,1418162497,,,,9.341,27,33.6276
2025-07-12 10:34:51,-2.3999999999999773,,3462.11,-2.3999999999999773,9.102,188,,,,380778125,1418163140,,,,9.102,27,32.7672
2025-07-12 10:34:56,-2.1999999999999886,,3508.45,-2.1999999999999886,9.481,186,,,,380782299,1418166332,,,,9.481,27,34.1316
2025-07-12 10:35:03,-2.1999999999999886,,3575.72,-2.1999999999999886,9.499,186,,,,380787985,1418171588,,,,9.499,27,34.196400000000004
2025-07-12 10:35:06,-2.1999999999999886,,3604.2,-2.1999999999999886,9.657,184,,,,380790711,1418173211,,,,9.657,27,34.7652
2025-07-12 10:35:10,-2.3999999999999773,,3642.45,-2.3999999999999773,9.246,186,,,,380794641,1418174623,,,,9.246,27,33.2856
2025-07-12 10:35:13,-2.8000000000000114,,3668.27,-2.8000000000000114,7.528,185,,,,380797323,1418175444,,,,7.528,27,27.1008
2025-07-12 10:35:21,-3.3999999999999773,,3723.92,-3.3999999999999773,7.531,185,,,,380802945,1418177837,,,,7.531,27,27.1116
2025-07-12 10:35:30,-3.8000000000000114,,3792.61,-3.8000000000000114,7.935,181,,,,380809924,1418180664,,,,7.935,27,28.566
2025-07-12 10:35:38,-4.0,,3864.9,-4.0,8.755,176,,,,380817247,1418183720,,,,8.755,27,31.518000000000004
2025-07-12 10:35:46,-3.6000000000000227,,3933.53,-3.6000000000000227,8.268,170,,,,380824162,1418186744,,,,8.268,27,29.764800000000005
2025-07-12 10:35:48,-3.6000000000000227,,3949.76,-3.6000000000000227,7.59,169,,,,380825698,1418187706,,,,7.59,27,27.324
2025-07-12 10:35:50,-3.6000000000000227,,3964.95,-3.6000000000000227,7.436,168,,,,380826744,1418189162,,,,7.436,27,26.7696
2025-07-12 10:35:51,-3.3999999999999773,,3972.37,-3.3999999999999773,7.281,169,,,,380826921,1418190079,,,,7.281,27,26.2116
2025-07-12 10:35:52,-3.3999999999999773,,3979.79,-3.3999999999999773,7.292,169,,,,380826736,1418190993,,,,7.292,27,26.2512
2025-07-12 10:35:54,-3.1999999999999886,,3996.51,-3.1999999999999886,7.973,169,,,,380825472,1418192476,,,,7.973,27,28.7028
2025-07-12 10:36:00,-2.6000000000000227,,4053.46,-2.6000000000000227,9.159,172,,,,380820362,1418196436,,,,9.159,27,32.9724
2025-07-12 10:36:06,-2.1999999999999886,,4109.62,-2.1999999999999886,9.268,176,,,,380815754,1418201025,,,,9.268,27,33.3648
2025-07-12 10:36:13,-1.6000000000000227,,4174.38,-1.6000000000000227,9.385,179,,,,380810815,1418206798,,,,9.385,27,33.786
2025-07-12 10:36:21,-1.1999999999999886,,4250.1,-1.1999999999999886,9.44,179,,,,380805451,1418214005,,,,9.44,27,33.984
2025-07-12 10:36:28,-1.0,,4315.7,-1.0,9.331,178,,,,380801267,1418220686,,,,9.331,27,33.5916
2025-07-12 10:36:36,-0.6000000000000227,,4387.27,-0.6000000000000227,8.623,179,,,,380797267,1418228429,,,,8.623,27,31.0428
2025-07-12 10:36:43,-0.19999999999998863,,4447.11,-0.19999999999998863,8.597,178,,,,380794407,1418235212,,,,8.597,27,30.949199999999998
2025-07-12 10:36:51,0.39999999999997726,,4515.41,0.39999999999997726,7.94,180,,,,380791573,1418243188,,,,7.94,27,28.584000000000003
2025-07-12 10:36:59,1.1999999999999886,,4582.28,1.1999999999999886,8.62,181,,,,380788929,1418251059,,,,8.62,27,31.031999999999996
2025-07-12 10:37:07,2.1999999999999886,,4651.83,2.1999999999999886,8.548,181,,,,380786154,1418259236,,,,8.548,27,30.7728
2025-07-12 10:37:15,3.1999999999999886,,4718.31,3.1999999999999886,8.486,184,,,,380783518,1418267061,,,,8.486,27,30.5496
2025-07-12 10:37:18,3.1999999999999886,,4743.3,3.1999999999999886,8.089,184,,,,380782467,1418269972,,,,8.089,27,29.120400000000004
2025-07-12 10:37:19,3.3999999999999773,,4751.41,3.3999999999999773,8.319,184,,,,380781922,1418270773,,,,8.319,27,29.948400000000003
2025-07-12 10:37:20,3.3999999999999773,,4759.44,3.3999999999999773,8.264,184,,,,380781173,1418271276,,,,8.264,27,29.7504
2025-07-12 10:37:21,3.6000000000000227,,4767.82,3.6000000000000227,8.375,185,,,,380780280,1418271424,,,,8.375,27,30.150000000000002
2025-07-12 10:37:23,3.6000000000000227,,4786.56,3.6000000000000227,8.729,185,,,,380778327,1418270879,,,,8.729,27,31.4244
2025-07-12 10:37:27,4.0,,4826.37,4.0,9.158,185,,,,380774346,1418269039,,,,9.158,27,32.9688
2025-07-12 10:37:33,4.199999999999989,,4882.55,4.199999999999989,9.228,185,,,,380768396,1418267867,,,,9.228,27,33.2208
2025-07-12 10:37:37,4.399999999999977,,4919.95,4.399999999999977,9.218,186,,,,380764383,1418267972,,,,9.218,27,33.1848
2025-07-12 10:37:45,5.0,,4993.67,5.0,9.06,186,,,,380756491,1418268774,,,,9.06,27,32.616
2025-07-12 10:37:53,5.399999999999977,,5064.88,5.399999999999977,8.7,186,,,,380748877,1418269696,,,,8.7,27,31.319999999999997
2025-07-12 10:38:00,5.399999999999977,,5128.66,5.399999999999977,9.281,185,,,,380742032,1418270081,,,,9.281,27,33.4116
2025-07-12 10:38:08,5.800000000000011,,5205.95,5.800000000000011,9.102,184,,,,380733749,1418270781,,,,9.102,27,32.7672
2025-07-12 10:38:17,5.800000000000011,,5285.61,5.800000000000011,9.117,181,,,,380725202,1418271366,,,,9.117,27,32.821200000000005
2025-07-12 10:38:25,6.0,,5358.51,6.0,9.06,181,,,,380717383,1418271913,,,,9.06,27,32.616
2025-07-12 10:38:30,6.0,,5403.77,6.0,8.949,180,,,,380712552,1418272554,,,,8.949,27,32.2164
2025-07-12 10:38:33,6.199999999999989,,5430.39,6.199999999999989,8.699,179,,,,380709837,1418273587,,,,8.699,27,31.3164
2025-07-12 10:38:40,6.800000000000011,,5495.08,6.800000000000011,9.479,179,,,,380703541,1418277039,,,,9.479,27,34.1244
2025-07-12 10:38:43,6.800000000000011,,5523.38,6.800000000000011,9.258,179,,,,380701183,1418279296,,,,9.258,27,33.3288
2025-07-12 10:38:51,7.0,,5596.45,7.0,9.232,180,,,,380695841,1418286072,,,,9.232,27,33.2352
2025-07-12 10:38:58,7.399999999999977,,5660.46,7.399999999999977,8.85,181,,,,380691094,1418291932,,,,8.85,27,31.86
2025-07-12 10:39:06,7.800000000000011,,5733.02,7.800000000000011,9.308,180,,,,380685875,1418298757,,,,9.308,27,33.5088
2025-07-12 10:39:14,8.600000000000023,,5807.26,8.600000000000023,9.156,181,,,,380680008,1418305121,,,,9.156,27,32.961600000000004
2025-07-12 10:39:18,8.800000000000011,,5844.84,8.800000000000011,9.762,181,,,,380677260,1418308601,,,,9.762,27,35.1432
2025-07-12 10:39:21,9.0,,5873.57,9.0,9.337,183,,,,380674825,1418310832,,,,9.337,27,33.6132
2025-07-12 10:39:24,9.399999999999977,,5901.74,9.399999999999977,9.282,185,,,,380672020,1418312155,,,,9.282,27,33.4152
2025-07-12 10:39:32,9.800000000000011,,5973.68,9.800000000000011,8.898,187,,,,380664529,1418314375,,,,8.898,27,32.0328
2025-07-12 10:39:38,10.800000000000011,,6028.06,10.800000000000011,8.897,188,,,,380658733,1418315245,,,,8.897,27,32.0292
2025-07-12 10:39:42,11.399999999999977,,6063.63,11.399999999999977,8.885,189,,,,380655100,1418316636,,,,8.885,27,31.986
2025-07-12 10:39:47,12.200000000000045,,6106.8,12.200000000000045,8.498,190,,,,380651121,1418319424,,,,8.498,27,30.592799999999997
2025-07-12 10:39:52,13.0,,6148.95,13.0,8.232,191,,,,380647523,1418322662,,,,8.232,27,29.635199999999998
2025-07-12 10:40:00,14.0,,6216.94,14.0,8.583,188,,,,380641452,1418327457,,,,8.583,27,30.8988
2025-07-12 10:40:08,15.399999999999977,,6288.06,15.399999999999977,9.155,188,,,,380635289,1418332781,,,,9.155,27,32.958
2025-07-12 10:40:16,16.600000000000023,,6364.66,16.600000000000023,9.753,192,,,,380628231,1418337771,,,,9.753,27,35.110800000000005
2025-07-12 10:40:21,16.600000000000023,,6415.3,16.600000000000023,10.574,191,,,,380623246,1418340329,,,,10.574,27,38.0664
2025-07-12 10:40:29,15.799999999999955,,6503.61,15.799999999999955,11.198,190,,,,380614374,1418344297,,,,11.198,27,40.3128
2025-07-12 10:40:33,15.399999999999977,,6549.31,15.399999999999977,11.477,191,,,,380609781,1418346342,,,,11.477,27,41.3172
2025-07-12 10:40:42,14.200000000000045,,6652.42,14.200000000000045,11.522,189,,,,380599436,1418351024,,,,11.522,27,41.4792
2025-07-12 10:40:50,12.600000000000023,,6744.03,12.600000000000023,11.367,190,,,,380590232,1418355144,,,,11.367,27,40.921200000000006
2025-07-12 10:40:58,11.600000000000023,,6835.39,11.600000000000023,11.472,188,,,,380581056,1418359260,,,,11.472,27,41.2992
2025-07-12 10:41:01,11.0,,6870.11,11.0,11.649,189,,,,380577579,1418360859,,,,11.649,27,41.9364
2025-07-12 10:41:09,10.399999999999977,,6963.36,10.399999999999977,11.573,186,,,,380568222,1418365087,,,,11.573,27,41.662800000000004
2025-07-12 10:41:17,8.800000000000011,,7055.56,8.800000000000011,11.305,184,,,,380558923,1418369112,,,,11.305,27,40.698
2025-07-12 10:41:22,7.800000000000011,,7111.33,7.800000000000011,11.149,185,,,,380553163,1418371054,,,,11.149,27,40.136399999999995
2025-07-12 10:41:26,7.399999999999977,,7154.91,7.399999999999977,10.7,184,,,,380548524,1418371794,,,,10.7,27,38.519999999999996
2025-07-12 10:41:35,7.399999999999977,,7248.63,7.399999999999977,10.329,185,,,,380538464,1418372296,,,,10.329,27,37.184400000000004
2025-07-12 10:41:43,7.800000000000011,,7332.94,7.800000000000011,10.722,189,,,,380529404,1418372245,,,,10.722,27,38.599199999999996
2025-07-12 10:41:50,7.800000000000011,,7408.13,7.800000000000011,10.801,188,,,,380521338,1418371736,,,,10.801,27,38.8836
2025-07-12 10:41:54,7.399999999999977,,7452.42,7.399999999999977,11.186,187,,,,380516658,1418370729,,,,11.186,27,40.269600000000004
2025-07-12 10:42:00,6.800000000000011,,7520.25,6.800000000000011,10.999,187,,,,380509901,1418367519,,,,10.999,27,39.5964
2025-07-12 10:42:05,6.199999999999989,,7575.29,6.199999999999989,10.808,187,,,,380504631,1418364364,,,,10.808,27,38.9088
2025-07-12 10:42:13,5.199999999999989,,7661.24,5.199999999999989,10.631,187,,,,380496791,1418358612,,,,10.631,27,38.2716
2025-07-12 10:42:21,4.800000000000011,,7745.73,4.800000000000011,10.342,185,,,,380489212,1418352724,,,,10.342,27,37.2312
2025-07-12 10:42:28,4.199999999999989,,7817.91,4.199999999999989,10.306,181,,,,380482946,1418347341,,,,10.306,27,37.1016
2025-07-12 10:42:36,4.0,,7899.96,4.0,10.38,181,,,,380476557,1418340187,,,,10.38,27,37.368
2025-07-12 10:42:44,3.3999999999999773,,7981.96,3.3999999999999773,10.271,185,,,,380470202,1418332999,,,,10.271,27,36.97560000000001
2025-07-12 10:42:51,2.8000000000000114,,8055.48,2.8000000000000114,10.677,185,,,,380464465,1418326605,,,,10.677,27,38.4372
2025-07-12 10:42:59,2.8000000000000114,,8141.2,2.8000000000000114,10.714,186,,,,380457982,1418318894,,,,10.714,27,38.5704
2025-07-12 10:43:07,2.6000000000000227,,8224.76,2.6000000000000227,10.2,187,,,,380451559,1418311503,,,,10.2,27,36.72
2025-07-12 10:43:13,3.0,,8285.43,3.0,10.189,188,,,,380446955,1418306070,,,,10.189,27,36.6804
2025-07-12 10:43:21,3.8000000000000114,,8366.92,3.8000000000000114,10.042,190,,,,380441639,1418297873,,,,10.042,27,36.1512
2025-07-12 10:43:29,4.800000000000011,,8446.9,4.800000000000011,9.943,191,,,,380436404,1418289847,,,,9.943,27,35.7948
2025-07-12 10:43:37,5.199999999999989,,8527.71,5.199999999999989,10.448,192,,,,380431123,1418281726,,,,10.448,27,37.6128
2025-07-12 10:43:42,4.600000000000023,,8582.61,4.600000000000023,11.084,190,,,,380427759,1418276022,,,,11.084,27,39.9024
2025-07-12 10:43:47,4.0,,8639.14,4.0,11.284,191,,,,380424891,1418269719,,,,11.284,27,40.622400000000006
2025-07-12 10:43:53,3.1999999999999886,,8706.42,3.1999999999999886,11.086,190,,,,380422386,1418261732,,,,11.086,27,39.909600000000005
2025-07-12 10:43:58,2.3999999999999773,,8761.94,2.3999999999999773,10.924,190,,,,380420996,1418254901,,,,10.924,27,39.3264
2025-07-12 10:44:03,0.8000000000000114,,8816.62,0.8000000000000114,10.969,188,,,,380420356,1418248025,,,,10.969,27,39.4884
2025-07-12 10:44:11,-0.6000000000000227,,8904.81,-0.6000000000000227,10.759,185,,,,380420331,1418236864,,,,10.759,27,38.732400000000005
2025-07-12 10:44:19,-1.1999999999999886,,8989.98,-1.1999999999999886,10.501,182,,,,380420433,1418226086,,,,10.501,27,37.803599999999996
2025-07-12 10:44:25,-1.8000000000000114,,9052.34,-1.8000000000000114,10.171,181,,,,380419522,1418218270,,,,10.171,27,36.6156
2025-07-12 10:44:32,-2.1999999999999886,,9122.24,-2.1999999999999886,9.997,183,,,,380417970,1418209615,,,,9.997,27,35.989200000000004
2025-07-12 10:44:35,-2.3999999999999773,,9152.27,-2.3999999999999773,10.11,182,,,,380416800,1418206079,,,,10.11,27,36.396
2025-07-12 10:44:38,-2.8000000000000114,,9182.54,-2.8000000000000114,10.194,181,,,,380415082,1418202830,,,,10.194,27,36.69840000000001
2025-07-12 10:44:41,-2.8000000000000114,,9213.36,-2.8000000000000114,10.358,180,,,,380412916,1418199882,,,,10.358,27,37.2888
2025-07-12 10:44:44,-2.8000000000000114,,9245.24,-2.8000000000000114,10.846,180,,,,380410265,1418197335,,,,10.846,27,39.0456
2025-07-12 10:44:48,-2.8000000000000114,,9290.63,-2.8000000000000114,11.548,182,,,,380405981,1418194603,,,,11.548,27,41.5728
2025-07-12 10:44:57,-3.8000000000000114,,9394.63,-3.8000000000000114,11.329,187,,,,380395744,1418189315,,,,11.329,27,40.784400000000005
2025-07-12 10:45:05,-5.0,,9482.09,-5.0,10.851,187,,,,380387156,1418184822,,,,10.851,27,39.0636
2025-07-12 10:45:13,-6.399999999999977,,9567.24,-6.399999999999977,10.164,188,,,,380378734,1418180606,,,,10.164,27,36.5904
2025-07-12 10:45:15,-6.800000000000011,,9587.11,-6.800000000000011,10.0,186,,,,380376823,1418179498,,,,10.0,27,36.0
2025-07-12 10:45:16,-7.0,,9596.8,-7.0,10.547,186,,,,380376118,1418178596,,,,10.547,27,37.9692
2025-07-12 10:45:17,-7.199999999999989,,9606.75,-7.199999999999989,10.64,186,,,,380375714,1418177430,,,,10.64,27,38.304
2025-07-12 10:45:18,-7.399999999999977,,9617.24,-7.399999999999977,10.6,187,,,,380375677,1418176103,,,,10.6,27,38.16
2025-07-12 10:45:20,-7.600000000000023,,9640.47,-7.600000000000023,10.853,187,,,,380376340,1418173276,,,,10.853,27,39.0708
2025-07-12 10:45:25,-8.199999999999989,,9700.3,-8.199999999999989,11.047,187,,,,380378975,1418166373,,,,11.047,27,39.769200000000005
2025-07-12 10:45:33,-8.800000000000011,,9785.73,-8.800000000000011,10.455,188,,,,380381929,1418156140,,,,10.455,27,37.638
2025-07-12 10:45:41,-8.800000000000011,,9866.1,-8.800000000000011,10.089,190,,,,380385207,1418146737,,,,10.089,27,36.3204
2025-07-12 10:45:44,-8.800000000000011,,9896.55,-8.800000000000011,10.221,189,,,,380386673,1418143298,,,,10.221,27,36.7956
2025-07-12 10:45:51,-8.600000000000023,,9965.56,-8.600000000000023,9.597,188,,,,380389633,1418135292,,,,9.597,27,34.5492
2025-07-12 10:45:59,-8.600000000000023,,10039.98,-8.600000000000023,9.376,187,,,,380393274,1418126906,,,,9.376,27,33.7536
2025-07-12 10:46:07,-8.600000000000023,,10115.48,-8.600000000000023,9.499,189,,,,380397148,1418118509,,,,9.499,27,34.196400000000004
2025-07-12 10:46:15,-8.800000000000011,,10190.84,-8.800000000000011,9.359,189,,,,380401333,1418110347,,,,9.359,27,33.6924
2025-07-12 10:46:23,-9.0,,10265.09,-9.0,9.336,184,,,,380405712,1418102494,,,,9.336,27,33.6096
2025-07-12 10:46:31,-9.199999999999989,,10338.62,-9.199999999999989,9.236,184,,,,380410499,1418095094,,,,9.236,27,33.2496
2025-07-12 10:46:39,-8.800000000000011,,10411.7,-8.800000000000011,8.957,186,,,,380415264,1418087740,,,,8.957,27,32.245200000000004
2025-07-12 10:46:47,-8.800000000000011,,10484.66,-8.800000000000011,8.953,186,,,,380420343,1418080705,,,,8.953,27,32.2308
2025-07-12 10:46:55,-8.399999999999977,,10557.29,-8.399999999999977,9.07,184,,,,380425572,1418073882,,,,9.07,27,32.652
2025-07-12 10:47:03,-8.199999999999989,,10628.43,-8.199999999999989,8.342,184,,,,380430912,1418067437,,,,8.342,27,30.031200000000002
2025-07-12 10:47:11,-8.199999999999989,,10699.27,-8.199999999999989,8.981,186,,,,380436372,1418061188,,,,8.981,27,32.3316
2025-07-12 10:47:19,-8.199999999999989,,10774.99,-8.199999999999989,9.456,187,,,,380442481,1418054859,,,,9.456,27,34.0416
2025-07-12 10:47:27,-8.199999999999989,,10851.9,-8.199999999999989,9.736,186,,,,380448866,1418048680,,,,9.736,27,35.049600000000005
2025-07-12 10:47:31,-8.399999999999977,,10889.75,-8.399999999999977,9.313,185,,,,380451998,1418045629,,,,9.313,27,33.5268
2025-07-12 10:47:39,-8.600000000000023,,10963.33,-8.600000000000023,9.223,185,,,,380458030,1418039615,,,,9.223,27,33.2028
2025-07-12 10:47:44,-8.600000000000023,,11009.4,-8.600000000000023,9.061,183,,,,380462286,1418036648,,,,9.061,27,32.6196
2025-07-12 10:47:52,-8.199999999999989,,11080.02,-8.199999999999989,8.97,180,,,,380468178,1418031018,,,,8.97,27,32.292
2025-07-12 10:48:01,-8.399999999999977,,11157.27,-8.399999999999977,8.982,179,,,,380474739,1418025026,,,,8.982,27,32.3352
2025-07-12 10:48:07,-8.199999999999989,,11213.75,-8.199999999999989,9.449,184,,,,380479633,1418020802,,,,9.449,27,34.0164
2025-07-12 10:48:15,-8.399999999999977,,11288.07,-8.399999999999977,9.079,188,,,,380485932,1418015018,,,,9.079,27,32.684400000000004
2025-07-12 10:48:23,-9.0,,11362.46,-9.0,9.312,188,,,,380492211,1418009189,,,,9.312,27,33.523199999999996
2025-07-12 10:48:31,-8.600000000000023,,11437.9,-8.600000000000023,9.507,187,,,,380498683,1418003435,,,,9.507,27,34.2252
2025-07-12 10:48:38,-8.600000000000023,,11502.45,-8.600000000000023,8.991,188,,,,380504072,1417998293,,,,8.991,27,32.3676
2025-07-12 10:48:40,-8.399999999999977,,11520.63,-8.399999999999977,8.931,187,,,,380505784,1417997195,,,,8.931,26,32.151599999999995
2025-07-12 10:48:42,-8.399999999999977,,11538.55,-8.399999999999977,8.804,187,,,,380507686,1417996909,,,,8.804,26,31.6944
2025-07-12 10:48:44,-8.199999999999989,,11556.75,-8.199999999999989,8.787,187,,,,380509555,1417997541,,,,8.787,26,31.633200000000002
2025-07-12 10:48:51,-7.600000000000023,,11620.86,-7.600000000000023,8.853,185,,,,380515295,1418002022,,,,8.853,26,31.8708
2025-07-12 10:48:55,-7.399999999999977,,11655.94,-7.399999999999977,8.845,186,,,,380518714,1418003880,,,,8.845,26,31.842000000000002
2025-07-12 10:49:00,-7.199999999999989,,11700.13,-7.199999999999989,8.795,189,,,,380523261,1418005482,,,,8.795,26,31.662
2025-07-12 10:49:08,-6.600000000000023,,11772.07,-6.600000000000023,9.138,190,,,,380530849,1418007225,,,,9.138,26,32.8968
2025-07-12 10:49:16,-6.600000000000023,,11847.82,-6.600000000000023,9.769,187,,,,380538885,1418008770,,,,9.769,26,35.1684
2025-07-12 10:49:21,-6.800000000000011,,11896.54,-6.800000000000011,9.693,189,,,,380544082,1418009494,,,,9.693,26,34.8948
2025-07-12 10:49:25,-6.800000000000011,,11935.08,-6.800000000000011,9.527,187,,,,380548156,1418010353,,,,9.527,26,34.2972
2025-07-12 10:49:33,-7.0,,12012.79,-7.0,9.869,186,,,,380556496,1418010850,,,,9.869,26,35.5284
2025-07-12 10:49:39,-7.0,,12070.65,-7.0,9.489,187,,,,380562681,1418011570,,,,9.489,26,34.1604
2025-07-12 10:49:47,-6.800000000000011,,12146.38,-6.800000000000011,9.435,188,,,,380570821,1418011679,,,,9.435,26,33.966
2025-07-12 10:49:55,-6.600000000000023,,12221.27,-6.600000000000023,9.41,186,,,,380578867,1418011585,,,,9.41,26,33.876000000000005
2025-07-12 10:50:03,-6.600000000000023,,12296.39,-6.600000000000023,9.324,184,,,,380586928,1418011060,,,,9.324,26,33.5664
2025-07-12 10:50:11,-6.399999999999977,,12370.78,-6.399999999999977,9.407,184,,,,380594880,1418010081,,,,9.407,26,33.8652
2025-07-12 10:50:19,-5.800000000000011,,12445.68,-5.800000000000011,9.145,186,,,,380602846,1418008719,,,,9.145,26,32.922
2025-07-12 10:50:27,-5.199999999999989,,12520.41,-5.199999999999989,9.191,185,,,,380610764,1418007132,,,,9.191,26,33.0876
2025-07-12 10:50:33,-5.0,,12574.95,-5.0,9.017,184,,,,380616519,1418005835,,,,9.017,26,32.4612
2025-07-12 10:50:41,-4.600000000000023,,12647.77,-4.600000000000023,8.997,182,,,,380624242,1418004372,,,,8.997,26,32.3892
2025-07-12 10:50:49,-4.0,,12717.97,-4.0,8.824,184,,,,380631641,1418002638,,,,8.824,26,31.7664
2025-07-12 10:50:57,-3.3999999999999773,,12791.87,-3.3999999999999773,9.318,186,,,,380639458,1418000982,,,,9.318,26,33.5448
2025-07-12 10:51:06,-3.0,,12869.38,-3.0,9.978,185,,,,380647603,1417998924,,,,9.978,26,35.9208
2025-07-12 10:51:14,-3.6000000000000227,,12958.27,-3.6000000000000227,10.121,185,,,,380657054,1417997274,,,,10.121,26,36.4356
2025-07-12 10:51:22,-5.199999999999989,,13036.88,-5.199999999999989,9.539,185,,,,380665330,1417995284,,,,9.539,26,34.3404
2025-07-12 10:51:28,-7.0,,13078.55,-7.0,7.631,184,,,,380669668,1417994058,,,,7.631,26,27.471600000000002
2025-07-12 10:51:32,-7.399999999999977,,13111.31,-7.399999999999977,9.049,184,,,,380673176,1417993768,,,,9.049,26,32.5764
2025-07-12 10:51:40,-7.800000000000011,,13185.67,-7.800000000000011,9.201,184,,,,380680984,1417991779,,,,9.201,26,33.1236
2025-07-12 10:51:48,-8.399999999999977,,13247.15,-8.399999999999977,5.599,185,,,,380687448,1417990221,,,,5.599,26,20.1564
2025-07-12 10:51:56,-8.800000000000011,,13313.01,-8.800000000000011,7.957,183,,,,380694238,1417987903,,,,7.957,26,28.6452
2025-07-12 10:52:04,-8.800000000000011,,13385.45,-8.800000000000011,8.768,183,,,,380701655,1417985118,,,,8.768,26,31.5648
2025-07-12 10:52:12,-8.800000000000011,,13459.04,-8.800000000000011,8.722,183,,,,380709165,1417982198,,,,8.722,26,31.3992
2025-07-12 10:52:20,-8.600000000000023,,13530.26,-8.600000000000023,8.769,185,,,,380716409,1417979294,,,,8.769,26,31.5684
2025-07-12 10:52:28,-8.600000000000023,,13600.43,-8.600000000000023,8.487,184,,,,380723405,1417975991,,,,8.487,26,30.5532
2025-07-12 10:52:36,-9.0,,13670.48,-9.0,8.827,182,,,,380730310,1417972456,,,,8.827,26,31.7772
2025-07-12 10:52:44,-9.399999999999977,,13744.48,-9.399999999999977,9.3,183,,,,380737423,1417968266,,,,9.3,26,33.480000000000004
2025-07-12 10:52:52,-9.600000000000023,,13818.04,-9.600000000000023,8.913,182,,,,380744355,1417963786,,,,8.913,26,32.086800000000004
2025-07-12 10:52:57,-9.600000000000023,,13863.38,-9.600000000000023,9.607,182,,,,380748467,1417960711,,,,9.607,26,34.5852
2025-07-12 10:53:01,-9.600000000000023,,13903.21,-9.600000000000023,10.18,181,,,,380751799,1417957546,,,,10.18,26,36.648
2025-07-12 10:53:04,-9.399999999999977,,13935.05,-9.399999999999977,10.68,181,,,,380754705,1417955417,,,,10.68,26,38.448
2025-07-12 10:53:08,-9.399999999999977,,13975.7,-9.399999999999977,9.218,180,,,,380758010,1417952054,,,,9.218,26,33.1848
2025-07-12 10:53:14,-9.600000000000023,,14023.01,-9.600000000000023,4.8,181,,,,380762302,1417948869,,,,4.8,26,17.28
2025-07-12 10:53:17,-9.800000000000011,,14037.89,-9.800000000000011,6.338,181,,,,380763530,1417947670,,,,6.338,26,22.8168
2025-07-12 10:53:24,-9.600000000000023,,14087.2,-9.600000000000023,6.584,182,,,,380768253,1417944847,,,,6.584,26,23.7024
2025-07-12 10:53:32,-10.0,,14131.79,-10.0,4.88,179,,,,380772214,1417941686,,,,4.88,26,17.568
2025-07-12 10:53:40,-10.399999999999977,,14147.39,-10.399999999999977,0.0,175,,,,380773552,1417940280,,,,0.0,26,0.0
2025-07-12 10:54:41,-10.399999999999977,,14150.49,-10.399999999999977,3.905,157,,,,380774833,1417939743,,,,3.905,26,14.058
2025-07-12 10:54:44,-10.0,,14167.25,-10.0,7.666,157,,,,380776206,1417938373,,,,7.666,26,27.597600000000003
2025-07-12 10:54:46,-9.800000000000011,,14183.31,-9.800000000000011,7.901,158,,,,380777078,1417936630,,,,7.901,26,28.4436
2025-07-12 10:54:48,-9.600000000000023,,14200.49,-9.600000000000023,8.588,160,,,,380777199,1417934473,,,,8.588,27,30.9168
2025-07-12 10:54:51,-9.399999999999977,,14228.54,-9.399999999999977,8.799,168,,,,380776268,1417931108,,,,8.799,27,31.676399999999997
2025-07-12 10:54:57,-9.0,,14284.85,-9.0,9.345,175,,,,380773760,1417924624,,,,9.345,27,33.642
2025-07-12 10:55:05,-8.800000000000011,,14357.66,-8.800000000000011,8.591,178,,,,380771032,1417915985,,,,8.591,27,30.927599999999998
2025-07-12 10:55:13,-8.0,,14427.82,-8.0,8.363,175,,,,380768259,1417907724,,,,8.363,27,30.1068
2025-07-12 10:55:18,-7.0,,14466.71,-7.0,7.632,177,,,,380766751,1417903133,,,,7.632,27,27.4752
2025-07-12 10:55:26,-5.399999999999977,,14531.74,-5.399999999999977,8.031,180,,,,380763901,1417895616,,,,8.031,27,28.911600000000004
2025-07-12 10:55:27,-5.0,,14539.77,-5.0,7.742,181,,,,380763581,1417894671,,,,7.742,27,27.8712
2025-07-12 10:55:28,-4.800000000000011,,14547.61,-4.800000000000011,7.74,182,,,,380763270,1417893749,,,,7.74,27,27.864
2025-07-12 10:55:29,-4.399999999999977,,14555.39,-4.399999999999977,7.723,182,,,,380762944,1417892842,,,,7.723,27,27.8028
2025-07-12 10:55:37,-3.0,,14618.27,-3.0,8.237,183,,,,380760365,1417885480,,,,8.237,27,29.653200000000002
2025-07-12 10:55:45,-2.6000000000000227,,14689.82,-2.6000000000000227,9.195,186,,,,380757678,1417876991,,,,9.195,27,33.102000000000004
2025-07-12 10:55:51,-3.3999999999999773,,14748.81,-3.3999999999999773,10.692,188,,,,380755237,1417870101,,,,10.692,27,38.4912
2025-07-12 10:55:58,-5.0,,14825.89,-5.0,11.018,188,,,,380752757,1417860790,,,,11.018,27,39.66480000000001
2025-07-12 10:56:03,-6.199999999999989,,14879.48,-6.199999999999989,10.145,188,,,,380751885,1417854086,,,,10.145,27,36.522
2025-07-12 10:56:08,-7.600000000000023,,14928.84,-7.600000000000023,9.732,188,,,,380750126,1417848197,,,,9.732,27,35.035199999999996
2025-07-12 10:56:10,-8.0,,14947.94,-8.0,9.091,188,,,,380749318,1417845973,,,,9.091,27,32.727599999999995
2025-07-12 10:56:11,-8.399999999999977,,14956.73,-8.399999999999977,8.42,188,,,,380749098,1417844891,,,,8.42,27,30.312
2025-07-12 10:56:12,-8.600000000000023,,14964.49,-8.600000000000023,7.214,188,,,,380749135,1417843909,,,,7.214,27,25.9704
2025-07-12 10:56:13,-9.0,,14971.3,-9.0,6.339,187,,,,380749439,1417843125,,,,6.339,27,22.820400000000003
2025-07-12 10:56:15,-9.399999999999977,,14984.74,-9.399999999999977,7.042,187,,,,380750651,1417842233,,,,7.042,27,25.3512
2025-07-12 10:56:21,-9.399999999999977,,15036.1,-9.399999999999977,8.065,188,,,,380755834,1417840004,,,,8.065,27,29.034
2025-07-12 10:56:27,-9.399999999999977,,15085.88,-9.399999999999977,7.506,185,,,,380760407,1417836744,,,,7.506,27,27.021600000000003
2025-07-12 10:56:35,-9.199999999999989,,15146.4,-9.199999999999989,7.96,185,,,,380765522,1417832019,,,,7.96,27,28.656
2025-07-12 10:56:41,-9.199999999999989,,15197.98,-9.199999999999989,8.376,184,,,,380769840,1417827929,,,,8.376,27,30.153599999999997
2025-07-12 10:56:49,-9.199999999999989,,15270.06,-9.199999999999989,8.716,186,,,,380775271,1417821424,,,,8.716,27,31.377599999999997
2025-07-12 10:56:54,-9.199999999999989,,15314.8,-9.199999999999989,8.979,187,,,,380778871,1417817680,,,,8.979,27,32.3244
2025-07-12 10:56:59,-9.399999999999977,,15360.4,-9.399999999999977,9.06,189,,,,380782556,1417813880,,,,9.06,27,32.616
2025-07-12 10:57:06,-9.600000000000023,,15424.47,-9.600000000000023,9.235,188,,,,380787608,1417808373,,,,9.235,27,33.246
2025-07-12 10:57:14,-10.0,,15499.05,-10.0,9.351,188,,,,380793442,1417801897,,,,9.351,27,33.6636
2025-07-12 10:57:22,-10.199999999999989,,15576.22,-10.199999999999989,9.756,188,,,,380799502,1417795226,,,,9.756,27,35.1216
2025-07-12 10:57:30,-10.199999999999989,,15654.47,-10.199999999999989,9.595,188,,,,380805752,1417788600,,,,9.595,27,34.542
2025-07-12 10:57:38,-10.199999999999989,,15729.81,-10.199999999999989,9.146,187,,,,380811699,1417782128,,,,9.146,27,32.9256
2025-07-12 10:57:46,-10.0,,15802.82,-10.0,9.057,187,,,,380817433,1417775820,,,,9.057,27,32.6052
2025-07-12 10:57:54,-10.0,,15875.83,-10.0,9.24,182,,,,380823265,1417769634,,,,9.24,27,33.264
2025-07-12 10:58:01,-9.600000000000023,,15940.11,-9.600000000000023,9.135,182,,,,380828168,1417763905,,,,9.135,27,32.886
2025-07-12 10:58:09,-9.199999999999989,,16003.5,-9.199999999999989,8.854,180,,,,380833302,1417758634,,,,8.854,27,31.874399999999998
2025-07-12 10:58:17,-9.0,,16081.94,-9.0,8.7,175,,,,380839454,1417751842,,,,8.7,27,31.319999999999997
2025-07-12 10:58:25,-8.800000000000011,,16147.96,-8.800000000000011,7.701,176,,,,380844562,1417746042,,,,7.701,27,27.723599999999998
2025-07-12 10:58:33,-9.600000000000023,,16184.71,-9.600000000000023,2.554,177,,,,380847345,1417742742,,,,2.554,27,9.1944
2025-07-12 10:58:39,-9.800000000000011,,16187.96,-9.800000000000011,0.0,172,,,,380847679,1417742517,,,,0.0,27,0.0
2025-07-12 10:59:27,-9.600000000000023,,16192.07,-9.600000000000023,4.904,139,,,,380847671,1417741191,,,,4.904,27,17.6544
2025-07-12 10:59:34,-9.0,,16245.57,-9.0,9.152,149,,,,380845783,1417734799,,,,9.152,27,32.947199999999995
2025-07-12 10:59:42,-9.0,,16322.58,-9.0,9.42,168,,,,380843725,1417725354,,,,9.42,27,33.912
2025-07-12 10:59:48,-8.800000000000011,,16380.6,-8.800000000000011,9.901,173,,,,380841826,1417718362,,,,9.901,27,35.6436
2025-07-12 10:59:56,-9.199999999999989,,16459.81,-9.199999999999989,9.82,178,,,,380839612,1417708677,,,,9.82,27,35.352000000000004
2025-07-12 11:00:04,-9.600000000000023,,16536.39,-9.600000000000023,9.047,181,,,,380837266,1417699384,,,,9.047,27,32.5692
2025-07-12 11:00:12,-9.600000000000023,,16608.18,-9.600000000000023,9.058,183,,,,380835156,1417690641,,,,9.058,27,32.6088
2025-07-12 11:00:17,-9.800000000000011,,16652.01,-9.800000000000011,8.974,182,,,,380834046,1417685252,,,,8.974,27,32.306400000000004
2025-07-12 11:00:25,-10.0,,16722.52,-10.0,8.191,181,,,,380831815,1417676724,,,,8.191,27,29.487600000000004
2025-07-12 11:00:30,-10.199999999999989,,16761.11,-10.199999999999989,7.291,179,,,,380830784,1417671992,,,,7.291,27,26.247600000000002
2025-07-12 11:00:36,-11.0,,16796.89,-11.0,2.361,173,,,,380830075,1417667549,,,,2.361,27,8.499600000000001
2025-07-12 11:00:44,-11.399999999999977,,16802.63,-11.399999999999977,0.918,169,,,,380829933,1417666853,,,,0.918,27,3.3048
2025-07-12 11:00:52,-11.0,,16829.0,-11.0,6.318,160,,,,380829004,1417663721,,,,6.318,27,22.744799999999998
2025-07-12 11:01:00,-10.199999999999989,,16895.66,-10.199999999999989,8.746,169,,,,380827014,1417655613,,,,8.746,27,31.4856
2025-07-12 11:01:08,-10.0,,16968.48,-10.0,9.207,175,,,,380824981,1417646711,,,,9.207,27,33.1452
2025-07-12 11:01:15,-9.199999999999989,,17041.03,-9.199999999999989,10.596,181,,,,380822804,1417637893,,,,10.596,27,38.1456
2025-07-12 11:01:22,-9.0,,17116.67,-9.0,11.034,185,,,,380820700,1417628645,,,,11.034,27,39.7224
2025-07-12 11:01:29,-9.199999999999989,,17190.6,-9.199999999999989,9.867,183,,,,380818605,1417619619,,,,9.867,27,35.52120000000001
2025-07-12 11:01:33,-9.600000000000023,,17228.67,-9.600000000000023,9.561,184,,,,380817499,1417614985,,,,9.561,27,34.4196
2025-07-12 11:01:38,-9.600000000000023,,17276.68,-9.600000000000023,9.224,187,,,,380816443,1417609040,,,,9.224,27,33.2064
2025-07-12 11:01:46,-9.600000000000023,,17348.08,-9.600000000000023,8.875,187,,,,380814498,1417600295,,,,8.875,27,31.95
2025-07-12 11:01:48,-9.600000000000023,,17365.71,-9.600000000000023,9.014,188,,,,380814137,1417598111,,,,9.014,27,32.4504
2025-07-12 11:01:49,-9.399999999999977,,17374.13,-9.399999999999977,8.862,187,,,,380814302,1417597062,,,,8.862,27,31.903200000000002
2025-07-12 11:01:50,-9.399999999999977,,17382.41,-9.399999999999977,8.568,187,,,,380814780,1417596177,,,,8.568,27,30.8448
2025-07-12 11:01:52,-9.199999999999989,,17400.59,-9.199999999999989,8.944,187,,,,380816449,1417595003,,,,8.944,27,32.19840000000001
2025-07-12 11:01:58,-9.0,,17459.54,-9.0,9.254,188,,,,380822342,1417592273,,,,9.254,27,33.3144
2025-07-12 11:02:05,-8.600000000000023,,17521.9,-8.600000000000023,8.507,190,,,,380828153,1417588345,,,,8.507,27,30.6252
2025-07-12 11:02:12,-8.199999999999989,,17579.86,-8.199999999999989,7.795,190,,,,380833592,1417584772,,,,7.795,27,28.062
2025-07-12 11:02:18,-8.0,,17626.63,-8.0,8.098,190,,,,380838131,1417582239,,,,8.098,27,29.152800000000003
2025-07-12 11:02:25,-7.199999999999989,,17685.56,-7.199999999999989,8.098,189,,,,380843808,1417578936,,,,8.098,27,29.152800000000003
2025-07-12 11:02:33,-6.399999999999977,,17753.42,-6.399999999999977,8.553,187,,,,380850554,1417575685,,,,8.553,27,30.790800000000004
2025-07-12 11:02:41,-6.0,,17816.63,-6.0,6.747,188,,,,380856622,1417572106,,,,6.747,27,24.2892
2025-07-12 11:02:45,-5.600000000000023,,17846.36,-5.600000000000023,7.693,187,,,,380859495,1417570480,,,,7.693,27,27.6948
2025-07-12 11:02:53,-4.800000000000011,,17908.32,-4.800000000000011,7.719,188,,,,380865520,1417567140,,,,7.719,27,27.788400000000003
2025-07-12 11:03:00,-4.600000000000023,,17963.62,-4.600000000000023,7.212,187,,,,380870854,1417564060,,,,7.212,27,25.9632
2025-07-12 11:03:05,-4.399999999999977,,18005.08,-4.399999999999977,9.484,186,,,,380874933,1417561968,,,,9.484,27,34.1424
2025-07-12 11:03:10,-4.800000000000011,,18052.73,-4.800000000000011,8.92,187,,,,380879638,1417559603,,,,8.92,27,32.112
2025-07-12 11:03:18,-6.0,,18121.59,-6.0,8.029,188,,,,380886125,1417555416,,,,8.029,27,28.9044
2025-07-12 11:03:25,-7.199999999999989,,18177.14,-7.199999999999989,7.271,182,,,,380891324,1417551965,,,,7.271,27,26.1756
2025-07-12 11:03:30,-8.199999999999989,,18208.34,-8.199999999999989,7.044,179,,,,380894400,1417550452,,,,7.044,27,25.3584
2025-07-12 11:03:37,-8.399999999999977,,18261.87,-8.399999999999977,8.105,177,,,,380899486,1417547296,,,,8.105,27,29.178
2025-07-12 11:03:44,-8.800000000000011,,18322.53,-8.800000000000011,8.148,178,,,,380905619,1417544704,,,,8.148,27,29.3328
2025-07-12 11:03:50,-9.399999999999977,,18362.51,-9.399999999999977,4.397,176,,,,380909625,1417542896,,,,4.397,27,15.829200000000002
2025-07-12 11:03:56,-9.399999999999977,,18390.3,-9.399999999999977,5.061,174,,,,380912489,1417541934,,,,5.061,27,18.2196
2025-07-12 11:04:04,-9.600000000000023,,18420.64,-9.600000000000023,3.015,173,,,,380915649,1417541065,,,,3.015,27,10.854000000000001
2025-07-12 11:04:07,-9.199999999999989,,18433.26,-9.199999999999989,4.718,172,,,,380916976,1417540877,,,,4.718,27,16.9848
2025-07-12 11:04:12,-9.600000000000023,,18460.25,-9.600000000000023,4.968,173,,,,380919635,1417539543,,,,4.968,27,17.884800000000002
2025-07-12 11:04:17,-9.600000000000023,,18484.46,-9.600000000000023,3.794,173,,,,380922190,1417539013,,,,3.794,27,13.6584
2025-07-12 11:04:23,-9.399999999999977,,18507.22,-9.399999999999977,2.494,172,,,,380924627,1417538803,,,,2.494,27,8.9784
2025-07-12 11:04:28,-9.600000000000023,,18519.48,-9.600000000000023,1.901,171,,,,380925900,1417539081,,,,1.901,27,6.8436
2025-07-12 11:04:36,-9.199999999999989,,18544.71,-9.199999999999989,4.499,164,,,,380928539,1417538382,,,,4.499,27,16.1964
2025-07-12 11:04:44,-9.199999999999989,,18588.67,-9.199999999999989,4.175,162,,,,380933255,1417538032,,,,4.175,27,15.03
2025-07-12 11:04:50,-9.199999999999989,,18613.01,-9.199999999999989,3.877,158,,,,380935860,1417538000,,,,3.877,27,13.9572
2025-07-12 11:04:53,-9.199999999999989,,18625.72,-9.199999999999989,4.203,155,,,,380937196,1417538296,,,,4.203,27,15.1308
2025-07-12 11:04:58,-9.199999999999989,,18640.07,-9.199999999999989,1.425,157,,,,380938653,1417537767,,,,1.425,27,5.13
2025-07-12 11:05:06,-9.199999999999989,,18653.5,-9.199999999999989,3.105,156,,,,380939278,1417536252,,,,3.105,27,11.178
2025-07-12 11:05:12,-8.600000000000023,,18681.22,-8.600000000000023,5.224,162,,,,380941679,1417534191,,,,5.224,27,18.8064
2025-07-12 11:05:18,-8.800000000000011,,18712.44,-8.800000000000011,3.594,157,,,,380944059,1417531414,,,,3.594,27,12.9384
2025-07-12 11:05:28,-9.199999999999989,,18721.16,-9.199999999999989,0.0,156,,,,380945064,1417530867,,,,0.0,27,0.0
2025-07-12 11:05:42,-8.600000000000023,,18739.44,-8.600000000000023,3.638,151,,,,380947060,1417528990,,,,3.638,27,13.0968
2025-07-12 11:05:45,-8.600000000000023,,18750.79,-8.600000000000023,3.589,154,,,,380948210,1417528518,,,,3.589,27,12.9204
2025-07-12 11:05:47,-8.399999999999977,,18757.08,-8.399999999999977,3.815,153,,,,380948513,1417527832,,,,3.815,27,13.734
2025-07-12 11:05:50,-8.399999999999977,,18766.71,-8.399999999999977,2.418,153,,,,380948835,1417526697,,,,2.418,27,8.7048
2025-07-12 11:05:57,-8.199999999999989,,18783.02,-8.199999999999989,2.689,153,,,,380950540,1417526811,,,,2.689,27,9.6804
2025-07-12 11:06:05,-7.800000000000011,,18811.91,-7.800000000000011,4.645,151,,,,380953635,1417526921,,,,4.645,27,16.721999999999998
2025-07-12 11:06:09,-7.600000000000023,,18830.57,-7.600000000000023,4.985,156,,,,380955627,1417526972,,,,4.985,27,17.946
2025-07-12 11:06:14,-7.800000000000011,,18850.97,-7.800000000000011,3.83,156,,,,380957753,1417527574,,,,3.83,27,13.788
2025-07-12 11:06:22,-8.0,,18878.18,-8.0,3.58,162,,,,380960675,1417527452,,,,3.58,27,12.888
2025-07-12 11:06:30,-8.399999999999977,,18905.64,-8.399999999999977,1.567,158,,,,380963623,1417527639,,,,1.567,27,5.6411999999999995
2025-07-12 11:06:35,-8.800000000000011,,18907.04,-8.800000000000011,0.0,160,,,,380964200,1417527452,,,,0.0,27,0.0
2025-07-12 11:06:44,-8.600000000000023,,18909.72,-8.600000000000023,2.446,160,,,,380964966,1417526726,,,,2.446,27,8.8056
2025-07-12 11:06:49,-8.399999999999977,,18927.94,-8.399999999999977,3.103,164,,,,380966872,1417526224,,,,3.103,27,11.170800000000002
2025-07-12 11:06:54,-8.199999999999989,,18944.99,-8.199999999999989,5.07,164,,,,380968491,1417527213,,,,5.07,27,18.252000000000002
2025-07-12 11:07:02,-8.399999999999977,,18980.42,-8.399999999999977,1.3,159,,,,380972089,1417528660,,,,1.3,27,4.680000000000001
2025-07-12 11:07:10,-8.399999999999977,,18991.42,-8.399999999999977,1.507,161,,,,380973330,1417528378,,,,1.507,27,5.425199999999999
2025-07-12 11:07:15,-8.399999999999977,,18993.5,-8.399999999999977,0.0,166,,,,380974022,1417528723,,,,0.0,27,0.0
2025-07-12 11:07:30,-8.399999999999977,,18993.5,-8.399999999999977,1.874,164,,,,380975422,1417529084,,,,1.874,27,6.7464
2025-07-12 11:07:35,-8.399999999999977,,18996.88,-8.399999999999977,0.0,164,,,,380975515,1417528558,,,,0.0,27,0.0
2025-07-12 11:07:37,-8.399999999999977,,18996.88,-8.399999999999977,0.0,165,,,,380975635,1417528589,,,,0.0,27,0.0
2025-07-12 11:07:55,-8.0,,19000.89,-8.0,1.518,151,,,,380977342,1417529471,,,,1.518,27,5.4648
2025-07-12 11:07:58,-8.0,,19006.64,-8.0,1.804,149,,,,380977898,1417529695,,,,1.804,27,6.494400000000001
2025-07-12 11:08:00,-7.800000000000011,,19012.95,-7.800000000000011,3.37,148,,,,380978461,1417530081,,,,3.37,27,12.132000000000001
2025-07-12 11:08:03,-7.600000000000023,,19031.76,-7.600000000000023,6.166,147,,,,380980463,1417529835,,,,6.166,27,22.1976
2025-07-12 11:08:06,-7.399999999999977,,19053.67,-7.399999999999977,6.842,150,,,,380982683,1417528928,,,,6.842,27,24.6312
2025-07-12 11:08:09,-7.399999999999977,,19074.21,-7.399999999999977,6.406,157,,,,380984876,1417528774,,,,6.406,27,23.0616
2025-07-12 11:08:17,-7.600000000000023,,19118.99,-7.600000000000023,4.56,161,,,,380989639,1417529551,,,,4.56,27,16.416
2025-07-12 11:08:25,-7.0,,19172.67,-7.0,8.024,161,,,,380995394,1417529861,,,,8.024,27,28.8864
2025-07-12 11:08:29,-6.800000000000011,,19208.18,-6.800000000000011,6.156,162,,,,380999197,1417529643,,,,6.156,27,22.1616
2025-07-12 11:08:36,-7.800000000000011,,19236.44,-7.800000000000011,2.042,166,,,,381002089,1417528587,,,,2.042,27,7.3511999999999995
2025-07-12 11:08:44,-8.199999999999989,,19243.36,-8.199999999999989,0.0,170,,,,381002992,1417528562,,,,0.0,27,0.0
2025-07-12 11:08:46,-8.199999999999989,,19243.36,-8.199999999999989,0.0,170,,,,381002916,1417528557,,,,0.0,27,0.0
2025-07-12 11:09:04,-8.199999999999989,,19244.51,-8.199999999999989,0.0,165,,,,381002766,1417529476,,,,0.0,27,0.0
2025-07-12 11:09:10,-7.800000000000011,,19258.98,-7.800000000000011,4.005,163,,,,381004282,1417529343,,,,4.005,27,14.418
2025-07-12 11:09:18,-7.600000000000023,,19300.04,-7.600000000000023,4.055,164,,,,381008688,1417529129,,,,4.055,27,14.597999999999999
2025-07-12 11:09:26,-7.800000000000011,,19329.6,-7.800000000000011,2.535,162,,,,381011864,1417529117,,,,2.535,27,9.126000000000001
2025-07-12 11:09:34,-7.600000000000023,,19345.73,-7.600000000000023,2.358,161,,,,381013585,1417528891,,,,2.358,27,8.488800000000001
2025-07-12 11:09:42,-7.399999999999977,,19367.05,-7.399999999999977,3.223,162,,,,381015864,1417528833,,,,3.223,27,11.6028
2025-07-12 11:09:50,-8.0,,19392.46,-8.0,1.199,163,,,,381018584,1417528897,,,,1.199,27,4.316400000000001
2025-07-12 11:09:54,-7.800000000000011,,19403.42,-7.800000000000011,4.679,162,,,,381019745,1417528988,,,,4.679,27,16.8444
2025-07-12 11:10:00,-7.399999999999977,,19447.18,-7.399999999999977,7.452,163,,,,381024351,1417527894,,,,7.452,27,26.8272
2025-07-12 11:10:04,-7.199999999999989,,19479.39,-7.199999999999989,7.229,164,,,,381027804,1417527597,,,,7.229,27,26.0244
2025-07-12 11:10:06,-7.199999999999989,,19493.55,-7.199999999999989,6.754,166,,,,381029208,1417526947,,,,6.754,27,24.3144
2025-07-12 11:10:08,-7.399999999999977,,19506.46,-7.399999999999977,6.378,168,,,,381030041,1417525652,,,,6.378,27,22.960800000000003
2025-07-12 11:10:11,-7.399999999999977,,19526.25,-7.399999999999977,6.761,168,,,,381031213,1417523573,,,,6.761,27,24.3396
2025-07-12 11:10:13,-7.600000000000023,,19539.65,-7.600000000000023,6.655,168,,,,381032344,1417522526,,,,6.655,27,23.958000000000002
2025-07-12 11:10:15,-7.800000000000011,,19552.45,-7.800000000000011,5.882,167,,,,381033661,1417522124,,,,5.882,27,21.1752
2025-07-12 11:10:19,-7.800000000000011,,19576.36,-7.800000000000011,5.71,167,,,,381036210,1417522365,,,,5.71,27,20.556
2025-07-12 11:10:24,-7.600000000000023,,19608.95,-7.600000000000023,6.454,169,,,,381039686,1417521915,,,,6.454,27,23.2344
2025-07-12 11:10:27,-7.600000000000023,,19627.33,-7.600000000000023,5.082,169,,,,381041636,1417522165,,,,5.082,27,18.2952
2025-07-12 11:10:29,-8.0,,19637.19,-8.0,4.448,169,,,,381042423,1417522975,,,,4.448,27,16.012800000000002
2025-07-12 11:10:32,-8.199999999999989,,19648.64,-8.199999999999989,2.528,165,,,,381043163,1417524106,,,,2.528,27,9.1008
2025-07-12 11:10:35,-8.600000000000023,,19650.48,-8.600000000000023,0.0,164,,,,381043475,1417524015,,,,0.0,27,0.0
2025-07-12 11:10:37,-8.600000000000023,,19650.48,-8.600000000000023,0.0,165,,,,381043414,1417523827,,,,0.0,27,0.0
2025-07-12 11:11:28,-8.600000000000023,,19660.12,-8.600000000000023,3.957,157,,,,381041841,1417522789,,,,3.957,27,14.2452
2025-07-12 11:11:34,-8.399999999999977,,19687.37,-8.399999999999977,4.583,154,,,,381038926,1417522678,,,,4.583,27,16.498800000000003
2025-07-12 11:11:40,-8.199999999999989,,19714.69,-8.199999999999989,4.643,154,,,,381036134,1417521636,,,,4.643,27,16.7148
2025-07-12 11:11:42,-8.199999999999989,,19723.96,-8.199999999999989,5.211,154,,,,381035156,1417521813,,,,5.211,27,18.759600000000002
2025-07-12 11:11:50,-8.0,,19771.51,-8.0,5.878,153,,,,381031003,1417525312,,,,5.878,27,21.160800000000002
2025-07-12 11:11:53,-8.0,,19789.57,-8.0,6.237,152,,,,381029727,1417527029,,,,6.237,27,22.453200000000002
2025-07-12 11:11:56,-8.0,,19807.97,-8.0,6.068,154,,,,381028615,1417528944,,,,6.068,27,21.8448
2025-07-12 11:11:58,-8.0,,19819.78,-8.0,6.037,157,,,,381027511,1417529658,,,,6.037,27,21.7332
2025-07-12 11:12:01,-8.0,,19838.25,-8.0,6.255,158,,,,381025577,1417530182,,,,6.255,27,22.518
2025-07-12 11:12:05,-8.0,,19862.89,-8.0,6.375,158,,,,381023294,1417531752,,,,6.375,27,22.95
2025-07-12 11:12:08,-8.0,,19880.61,-8.0,5.031,158,,,,381021439,1417532209,,,,5.031,27,18.1116
2025-07-12 11:12:13,-8.199999999999989,,19896.27,-8.199999999999989,3.562,159,,,,381019778,1417532035,,,,3.562,27,12.8232
2025-07-12 11:12:22,-7.600000000000023,,19954.18,-7.600000000000023,8.217,163,,,,381013577,1417531635,,,,8.217,27,29.581200000000003
2025-07-12 11:12:30,-7.600000000000023,,20021.34,-7.600000000000023,7.127,164,,,,381006361,1417531797,,,,7.127,27,25.6572
2025-07-12 11:12:34,-8.0,,20045.97,-8.0,3.668,165,,,,381003724,1417531696,,,,3.668,27,13.2048
2025-07-12 11:12:41,-8.0,,20077.62,-8.0,6.518,169,,,,381000372,1417531074,,,,6.518,27,23.4648
2025-07-12 11:12:45,-7.800000000000011,,20108.63,-7.800000000000011,8.159,169,,,,380997047,1417530892,,,,8.159,27,29.372400000000003
2025-07-12 11:12:53,-7.800000000000011,,20163.82,-7.800000000000011,6.643,176,,,,380991120,1417530775,,,,6.643,27,23.9148
2025-07-12 11:12:56,-7.800000000000011,,20185.73,-7.800000000000011,7.05,177,,,,380988770,1417530892,,,,7.05,27,25.38
2025-07-12 11:13:02,-7.600000000000023,,20228.57,-7.600000000000023,7.295,180,,,,380984318,1417529559,,,,7.295,27,26.262
2025-07-12 11:13:04,-7.600000000000023,,20241.56,-7.600000000000023,4.079,179,,,,380982928,1417529396,,,,4.079,27,14.6844
2025-07-12 11:13:07,-7.600000000000023,,20262.56,-7.600000000000023,7.399,179,,,,380980940,1417530637,,,,7.399,27,26.636400000000002
2025-07-12 11:13:10,-8.0,,20282.47,-8.0,4.547,178,,,,380978827,1417530940,,,,4.547,27,16.3692
2025-07-12 11:13:15,-8.600000000000023,,20295.98,-8.600000000000023,1.524,179,,,,380977410,1417530662,,,,1.524,27,5.486400000000001
2025-07-12 11:13:20,-8.800000000000011,,20301.05,-8.800000000000011,1.019,177,,,,380976942,1417531181,,,,1.019,27,3.6683999999999997
2025-07-12 11:13:23,-8.800000000000011,,20307.92,-8.800000000000011,2.39,176,,,,380976422,1417531733,,,,2.39,27,8.604000000000001
2025-07-12 11:13:30,-8.600000000000023,,20336.4,-8.600000000000023,5.344,172,,,,380974099,1417534037,,,,5.344,27,19.238400000000002
2025-07-12 11:13:33,-8.199999999999989,,20361.02,-8.199999999999989,7.479,172,,,,380971473,1417534398,,,,7.479,27,26.924400000000002
2025-07-12 11:13:38,-8.399999999999977,,20401.85,-8.399999999999977,6.1,174,,,,380967104,1417533990,,,,6.1,27,21.96
2025-07-12 11:13:40,-8.600000000000023,,20415.81,-8.600000000000023,5.755,175,,,,380965664,1417533526,,,,5.755,27,20.718
2025-07-12 11:13:48,-8.600000000000023,,20479.64,-8.600000000000023,8.045,177,,,,380959383,1417530301,,,,8.045,27,28.962
2025-07-12 11:13:50,-8.600000000000023,,20499.1,-8.600000000000023,8.881,177,,,,380957346,1417529751,,,,8.881,27,31.971600000000002
2025-07-12 11:13:51,-8.600000000000023,,20508.08,-8.600000000000023,8.362,177,,,,380956387,1417529874,,,,8.362,27,30.1032
2025-07-12 11:13:52,-8.600000000000023,,20516.39,-8.600000000000023,7.291,178,,,,380955630,1417530431,,,,7.291,27,26.247600000000002
2025-07-12 11:13:53,-8.600000000000023,,20525.76,-8.600000000000023,7.151,175,,,,380955041,1417531394,,,,7.151,27,25.7436
2025-07-12 11:13:54,-8.600000000000023,,20536.23,-8.600000000000023,6.203,177,,,,380954896,1417532709,,,,6.203,27,22.3308
2025-07-12 11:13:56,-8.600000000000023,,20559.56,-8.600000000000023,6.281,178,,,,380955127,1417535651,,,,6.281,27,22.6116
2025-07-12 11:13:57,-8.600000000000023,,20567.28,-8.600000000000023,6.36,178,,,,380954877,1417536583,,,,6.36,27,22.896
2025-07-12 11:13:58,-8.800000000000011,,20574.53,-8.800000000000011,5.02,177,,,,380954106,1417536722,,,,5.02,27,18.072
2025-07-12 11:13:59,-8.800000000000011,,20583.47,-8.800000000000011,4.672,177,,,,380953158,1417536545,,,,4.672,27,16.8192
2025-07-12 11:14:01,-9.0,,20602.83,-9.0,2.455,178,,,,380951362,1417535319,,,,2.455,27,8.838000000000001
2025-07-12 11:14:07,-9.399999999999977,,20618.13,-9.399999999999977,0.0,175,,,,380949133,1417532352,,,,0.0,27,0.0
2025-07-12 11:14:22,-9.399999999999977,,20618.13,-9.399999999999977,2.187,164,,,,380947832,1417531700,,,,2.187,27,7.8732
2025-07-12 11:14:29,-9.399999999999977,,20630.71,-9.399999999999977,0.0,168,,,,380946292,1417531692,,,,0.0,27,0.0
2025-07-12 11:14:31,-9.399999999999977,,20631.14,-9.399999999999977,0.973,169,,,,380946208,1417531599,,,,0.973,27,3.5028
2025-07-12 11:14:38,-9.0,,20641.65,-9.0,4.401,169,,,,380945762,1417533137,,,,4.401,27,15.8436
2025-07-12 11:14:45,-9.0,,20673.22,-9.0,2.624,167,,,,380945540,1417537116,,,,2.624,27,9.4464
2025-07-12 11:14:53,-9.199999999999989,,20682.21,-9.199999999999989,0.0,160,,,,380944632,1417537853,,,,0.0,27,0.0
2025-07-12 11:14:55,-9.399999999999977,,20682.21,-9.399999999999977,0.0,160,,,,380944553,1417537820,,,,0.0,27,0.0
2025-07-12 11:15:18,-9.0,,20696.05,-9.0,4.512,165,,,,380942173,1417538137,,,,4.512,27,16.243199999999998
2025-07-12 11:15:20,-8.800000000000011,,20706.82,-8.800000000000011,6.143,165,,,,380941337,1417539056,,,,6.143,27,22.1148
2025-07-12 11:15:22,-8.600000000000023,,20720.12,-8.600000000000023,6.687,165,,,,380940888,1417540647,,,,6.687,27,24.0732
2025-07-12 11:15:29,-8.600000000000023,,20774.88,-8.600000000000023,8.096,167,,,,380940486,1417547561,,,,8.096,27,29.1456
2025-07-12 11:15:37,-8.600000000000023,,20851.11,-8.600000000000023,10.208,170,,,,380940273,1417557209,,,,10.208,27,36.7488
2025-07-12 11:15:46,-8.399999999999977,,20950.5,-8.399999999999977,11.572,180,,,,380939664,1417569777,,,,11.572,27,41.6592
2025-07-12 11:15:48,-8.399999999999977,,20973.36,-8.399999999999977,11.705,180,,,,380939560,1417572669,,,,11.705,27,42.138
2025-07-12 11:15:56,-8.800000000000011,,21062.05,-8.800000000000011,10.79,187,,,,380939460,1417583900,,,,10.79,27,38.844
2025-07-12 11:16:01,-9.0,,21116.22,-9.0,11.01,189,,,,380938950,1417590729,,,,11.01,27,39.636
2025-07-12 11:16:06,-9.399999999999977,,21170.66,-9.399999999999977,10.596,189,,,,380938301,1417597578,,,,10.596,27,38.1456
2025-07-12 11:16:11,-9.600000000000023,,21222.76,-9.600000000000023,10.199,189,,,,380938586,1417604163,,,,10.199,27,36.7164
2025-07-12 11:16:17,-9.600000000000023,,21282.84,-9.600000000000023,9.72,187,,,,380940001,1417611584,,,,9.72,27,34.992000000000004
2025-07-12 11:16:22,-9.600000000000023,,21330.21,-9.600000000000023,8.749,188,,,,380941627,1417617264,,,,8.749,27,31.4964
2025-07-12 11:16:30,-10.399999999999977,,21380.28,-10.399999999999977,2.539,187,,,,380942325,1417623548,,,,2.539,27,9.140400000000001
2025-07-12 11:16:35,-10.600000000000023,,21387.02,-10.600000000000023,2.181,186,,,,380942260,1417624342,,,,2.181,27,7.8516
2025-07-12 11:16:40,-10.800000000000011,,21397.93,-10.800000000000011,3.472,183,,,,380943068,1417625316,,,,3.472,27,12.4992
2025-07-12 11:16:48,-10.0,,21456.35,-10.0,8.295,179,,,,380944744,1417632444,,,,8.295,27,29.862000000000002
2025-07-12 11:16:56,-9.399999999999977,,21529.47,-9.399999999999977,9.26,182,,,,380946715,1417641406,,,,9.26,27,33.336
2025-07-12 11:17:04,-9.199999999999989,,21599.53,-9.199999999999989,9.643,183,,,,380948836,1417649915,,,,9.643,27,34.714800000000004
2025-07-12 11:17:12,-8.800000000000011,,21685.83,-8.800000000000011,11.392,187,,,,380951542,1417660367,,,,11.392,27,41.0112
2025-07-12 11:17:20,-8.600000000000023,,21774.48,-8.600000000000023,10.085,189,,,,380954275,1417671120,,,,10.085,27,36.306000000000004
2025-07-12 11:17:24,-8.199999999999989,,21812.79,-8.199999999999989,9.695,189,,,,380955287,1417675820,,,,9.695,27,34.902
2025-07-12 11:17:31,-7.600000000000023,,21883.14,-7.600000000000023,9.719,189,,,,380956824,1417684541,,,,9.719,27,34.9884
2025-07-12 11:17:39,-6.399999999999977,,21956.23,-6.399999999999977,8.526,189,,,,380959218,1417693354,,,,8.526,27,30.6936
2025-07-12 11:17:47,-4.600000000000023,,22021.69,-4.600000000000023,8.241,188,,,,380961199,1417701310,,,,8.241,27,29.6676
2025-07-12 11:17:55,-3.1999999999999886,,22088.76,-3.1999999999999886,8.781,188,,,,380963097,1417709505,,,,8.781,27,31.611600000000003
2025-07-12 11:18:03,-3.1999999999999886,,22166.69,-3.1999999999999886,10.226,189,,,,380965441,1417718978,,,,10.226,27,36.8136
2025-07-12 11:18:08,-4.0,,22219.67,-4.0,10.669,190,,,,380966999,1417725427,,,,10.669,27,38.4084
2025-07-12 11:18:16,-6.0,,22304.12,-6.0,10.316,189,,,,380968909,1417735880,,,,10.316,27,37.137600000000006
2025-07-12 11:18:23,-7.800000000000011,,22373.5,-7.800000000000011,9.599,183,,,,380970997,1417744311,,,,9.599,27,34.556400000000004
2025-07-12 11:18:31,-9.0,,22445.69,-9.0,8.438,180,,,,380973394,1417753005,,,,8.438,27,30.376800000000003
2025-07-12 11:18:39,-9.399999999999977,,22511.82,-9.399999999999977,8.148,175,,,,380975298,1417761075,,,,8.148,27,29.3328
2025-07-12 11:18:47,-9.600000000000023,,22576.45,-9.600000000000023,8.233,174,,,,380976985,1417769014,,,,8.233,27,29.638800000000003
2025-07-12 11:18:53,-9.600000000000023,,22629.35,-9.600000000000023,8.946,171,,,,380978309,1417775527,,,,8.946,27,32.2056
2025-07-12 11:19:01,-9.600000000000023,,22700.84,-9.600000000000023,8.789,170,,,,380980667,1417784143,,,,8.789,27,31.6404
2025-07-12 11:19:09,-9.199999999999989,,22771.53,-9.199999999999989,8.75,168,,,,380982504,1417792829,,,,8.75,27,31.5
2025-07-12 11:19:15,-9.399999999999977,,22824.23,-9.399999999999977,8.575,166,,,,380984124,1417799219,,,,8.575,27,30.869999999999997
2025-07-12 11:19:21,-9.0,,22876.08,-9.0,8.349,168,,,,380985537,1417805567,,,,8.349,27,30.0564
2025-07-12 11:19:29,-9.0,,22939.58,-9.0,7.349,170,,,,380987372,1417813311,,,,7.349,27,26.456400000000002
2025-07-12 11:19:35,-9.199999999999989,,22979.58,-9.199999999999989,5.358,165,,,,380988335,1417818238,,,,5.358,27,19.2888
2025-07-12 11:19:39,-9.199999999999989,,22997.54,-9.199999999999989,4.045,161,,,,380988246,1417820488,,,,4.045,27,14.562
2025-07-12 11:19:47,-9.199999999999989,,23013.0,-9.199999999999989,0.848,160,,,,380989291,1417822001,,,,0.848,27,3.0528
2025-07-12 11:19:51,-9.399999999999977,,23013.0,-9.399999999999977,0.0,156,,,,380989253,1417821998,,,,0.0,27,0.0
2025-07-12 11:20:01,-9.0,,23031.89,-9.0,7.48,156,,,,380990716,1417824837,,,,7.48,27,26.928
2025-07-12 11:20:05,-8.199999999999989,,23071.13,-8.199999999999989,9.434,158,,,,380992235,1417829465,,,,9.434,27,33.962399999999995
2025-07-12 11:20:13,-7.800000000000011,,23149.09,-7.800000000000011,9.462,173,,,,380995257,1417838669,,,,9.462,27,34.0632
2025-07-12 11:20:16,-7.600000000000023,,23177.96,-7.600000000000023,9.672,175,,,,380996305,1417842105,,,,9.672,27,34.8192
2025-07-12 11:20:21,-7.600000000000023,,23225.78,-7.600000000000023,9.045,177,,,,380997437,1417848007,,,,9.045,27,32.562
2025-07-12 11:20:29,-8.399999999999977,,23291.17,-8.399999999999977,7.556,178,,,,380999747,1417855826,,,,7.556,27,27.2016
2025-07-12 11:20:37,-8.800000000000011,,23346.52,-8.800000000000011,6.387,170,,,,381001837,1417862388,,,,6.387,27,22.993199999999998
2025-07-12 11:20:45,-9.199999999999989,,23392.94,-9.199999999999989,5.415,164,,,,381003518,1417867919,,,,5.415,27,19.494
2025-07-12 11:20:49,-9.399999999999977,,23412.44,-9.399999999999977,4.23,162,,,,381004303,1417870196,,,,4.23,27,15.228000000000002
2025-07-12 11:20:54,-9.800000000000011,,23425.3,-9.800000000000011,0.0,161,,,,381004945,1417871811,,,,0.0,27,0.0
2025-07-12 11:20:57,-9.800000000000011,,23425.3,-9.800000000000011,0.0,158,,,,381004870,1417871930,,,,0.0,27,0.0
2025-07-12 11:21:58,-9.800000000000011,,23431.71,-9.800000000000011,3.829,144,,,,381005270,1417874155,,,,3.829,27,13.784400000000002
2025-07-12 11:22:06,-9.0,,23486.08,-9.0,8.781,152,,,,381007320,1417880602,,,,8.781,27,31.611600000000003
2025-07-12 11:22:15,-8.800000000000011,,23571.68,-8.800000000000011,9.995,167,,,,381010545,1417890757,,,,9.995,27,35.982
2025-07-12 11:22:22,-9.0,,23642.68,-9.0,10.041,172,,,,381013468,1417899059,,,,10.041,27,36.147600000000004
2025-07-12 11:22:30,-9.399999999999977,,23721.26,-9.399999999999977,9.713,176,,,,381016121,1417908505,,,,9.713,27,34.9668
2025-07-12 11:22:38,-9.600000000000023,,23797.85,-9.600000000000023,9.577,180,,,,381018911,1417917631,,,,9.577,27,34.4772
2025-07-12 11:22:46,-10.0,,23867.16,-10.0,9.108,178,,,,381021807,1417925715,,,,9.108,27,32.7888
2025-07-12 11:22:51,-9.399999999999977,,23919.15,-9.399999999999977,11.926,177,,,,381023549,1417931971,,,,11.926,27,42.9336
2025-07-12 11:22:52,-9.399999999999977,,23931.43,-9.399999999999977,12.318,177,,,,381023994,1417933435,,,,12.318,27,44.3448
2025-07-12 11:22:53,-9.199999999999989,,23944.18,-9.199999999999989,12.728,181,,,,381024477,1417934947,,,,12.728,27,45.8208
2025-07-12 11:22:55,-9.0,,23970.24,-9.0,12.778,181,,,,381025493,1417938023,,,,12.778,27,46.000800000000005
2025-07-12 11:22:56,-9.0,,23983.35,-9.0,13.001,182,,,,381026018,1417939563,,,,13.001,27,46.803599999999996
2025-07-12 11:22:57,-9.0,,23996.56,-9.0,13.119,182,,,,381026535,1417941121,,,,13.119,27,47.2284
2025-07-12 11:22:58,-9.199999999999989,,24009.88,-9.199999999999989,13.397,184,,,,381027031,1417942703,,,,13.397,27,48.2292
2025-07-12 11:22:59,-9.0,,24023.32,-9.0,13.493,184,,,,381027524,1417944303,,,,13.493,27,48.5748
2025-07-12 11:23:00,-9.0,,24036.96,-9.0,13.853,187,,,,381028040,1417945919,,,,13.853,27,49.8708
2025-07-12 11:23:01,-9.0,,24050.86,-9.0,14.107,187,,,,381028559,1417947571,,,,14.107,27,50.785199999999996
2025-07-12 11:23:02,-9.0,,24065.08,-9.0,14.444,187,,,,381029046,1417949278,,,,14.444,27,51.998400000000004
2025-07-12 11:23:04,-8.800000000000011,,24094.17,-8.800000000000011,14.629,188,,,,381029931,1417952810,,,,14.629,27,52.6644
2025-07-12 11:23:09,-9.399999999999977,,24156.01,-9.399999999999977,9.776,190,,,,381032175,1417960180,,,,9.776,27,35.1936
2025-07-12 11:23:13,-10.199999999999989,,24190.34,-10.199999999999989,8.126,193,,,,381033624,1417964178,,,,8.126,27,29.2536
2025-07-12 11:23:16,-10.600000000000023,,24208.38,-10.600000000000023,3.884,194,,,,381034299,1417966320,,,,3.884,27,13.9824
2025-07-12 11:23:22,-11.399999999999977,,24223.56,-11.399999999999977,3.501,190,,,,381034777,1417968154,,,,3.501,27,12.6036
2025-07-12 11:23:24,-11.399999999999977,,24230.45,-11.399999999999977,3.703,190,,,,381034667,1417969013,,,,3.703,27,13.3308
2025-07-12 11:23:26,-11.0,,24240.36,-11.0,6.977,189,,,,381033967,1417969940,,,,6.977,27,25.1172
2025-07-12 11:23:30,-10.600000000000023,,24274.45,-10.600000000000023,9.563,190,,,,381030602,1417971630,,,,9.563,27,34.4268
2025-07-12 11:23:38,-9.800000000000011,,24365.75,-9.800000000000011,11.607,189,,,,381021455,1417975815,,,,11.607,27,41.785199999999996
2025-07-12 11:23:45,-10.0,,24449.02,-10.0,11.997,190,,,,381013206,1417979900,,,,11.997,27,43.1892
2025-07-12 11:23:50,-10.0,,24508.57,-10.0,11.429,194,,,,381007136,1417982282,,,,11.429,27,41.144400000000005
2025-07-12 11:23:57,-10.399999999999977,,24582.72,-10.399999999999977,7.417,194,,,,380999809,1417985971,,,,7.417,27,26.7012
2025-07-12 11:23:59,-11.0,,24593.07,-11.0,2.244,192,,,,380998719,1417986166,,,,2.244,27,8.0784
2025-07-12 11:24:07,-11.600000000000023,,24614.87,-11.600000000000023,3.141,194,,,,380998078,1417983545,,,,3.141,27,11.3076
2025-07-12 11:24:14,-11.600000000000023,,24637.54,-11.600000000000023,3.711,190,,,,380997060,1417980950,,,,3.711,27,13.3596
2025-07-12 11:24:20,-11.199999999999989,,24659.16,-11.199999999999989,3.662,182,,,,380996203,1417978422,,,,3.662,27,13.1832
2025-07-12 11:24:22,-11.199999999999989,,24666.58,-11.199999999999989,3.783,181,,,,380995943,1417977534,,,,3.783,27,13.6188
